<?xml version="1.0" encoding="UTF-8"?>
<widgets xmlns:xsi="http://www.w3.org/2001/XMLSchema-instance" xsi:noNamespaceSchemaLocation="../../../Magento/Widget/etc/widget.xsd">
    <widget id="Sellpr_Bestsellerw" class="Sellpr\Bestsellerw\Block\Widget\Bestsellerdproduct">
        <label translate="true">Bestseller Product Widget</label>
        <description>Sellpr Bestseller Product Widget</description>
        <parameters>
            <parameter name="productcount" xsi:type="text"  visible="true" sort_order="1" >
                <label translate="true">Product Count</label>
            </parameter>
            <parameter name="imagewidth" xsi:type="text"  visible="true" sort_order="2" >
                <label translate="true">Image Width</label>
            </parameter>
            <parameter name="imageheight" xsi:type="text"  visible="true" sort_order="3" >
                <label translate="true">Image Height</label>
            </parameter>
        </parameters>
    </widget>
</widgets>